clip_id,window_index,start_time_s,end_time_s,n_samples,mean_magnitude,std_magnitude,movement_intensity,state
wisdm-1600-A-0,0,0.0,10.0,199,10.064773954143845,4.159319580642633,2.9160042194496194,active
wisdm-1600-A-0,1,10.0,20.0,199,10.141744897816231,4.278303517085206,3.2027460055939314,active
wisdm-1600-A-0,2,20.0,30.0,198,9.986892479491548,4.02333923072357,2.955636908158372,active
wisdm-1600-A-0,3,30.0,40.0,198,10.152857374825873,4.113613382888074,2.991469085844301,active
wisdm-1600-A-0,4,40.0,50.0,198,10.048644396354234,3.7590306004491825,2.6340986356836584,active
wisdm-1600-A-0,5,50.0,60.0,199,10.139641189472842,4.02335831988824,2.832716620293328,active
wisdm-1600-A-0,6,60.0,70.0,199,10.047062814933755,4.038943607991358,2.9217539282363196,active
wisdm-1600-A-0,7,70.0,80.0,198,10.12079287430022,3.741257986667329,2.674103141486701,active
wisdm-1600-A-0,8,80.0,90.0,199,10.151278739202658,3.89043047768878,2.789273775958338,active
wisdm-1600-A-0,9,90.0,100.0,198,10.103924629466215,3.665467471288932,2.675281931448893,active
wisdm-1600-A-0,10,100.0,110.0,199,10.087855676990355,3.4462163012445,2.3706492107862043,active
wisdm-1600-A-0,11,110.0,120.0,199,10.123261470458635,3.588291667057192,2.4820378329187065,active
wisdm-1600-A-0,12,120.0,130.0,198,10.140752863588228,3.695098228496488,2.7078828635972796,active
wisdm-1600-A-0,13,130.0,140.0,199,10.15312133592381,3.5731744592654993,2.5258022516841536,active
wisdm-1600-A-0,14,140.0,150.0,198,10.182304611619221,3.601282493513413,2.5292021297803426,active
wisdm-1600-A-0,15,150.0,160.0,199,10.124984409538913,3.6287356418733965,2.6306333688144528,active
wisdm-1600-A-0,16,160.0,170.0,199,10.177558522722023,3.6950083210573443,2.5546869284279063,active
wisdm-1600-A-0,17,170.0,180.0,197,10.067473120150847,3.3254999431416126,2.4131238972617015,active
